Question_ID,SEN_Category,Age_Group,Subject,Scenario,Created_Date,LLM_Response_1_Type,LLM_Response_1_Content,LLM_Response_1_Quality,LLM_Response_2_Type,LLM_Response_2_Content,LLM_Response_2_Quality,LLM_Response_3_Type,LLM_Response_3_Content,LLM_Response_3_Quality,LLM_Response_4_Type,LLM_Response_4_Content,LLM_Response_4_Quality
scenario_20251028_165331_6247,MLD,Early Years (3-5),Mathematics,"During Mathematics lesson, a Early Years (3-5) student with Moderate Learning Difficulties faces learning difficulties. How would you adapt your teaching approach?",2025-10-28T16:53:31.342978,Social,Implement peer buddy systems and social stories. Practice social skills explicitly and provide opportunities for structured social interaction.,0.863055958124439,Behavioral,Use positive behavior support strategies with clear expectations. Implement a token economy system and teach self-regulation techniques.,0.6919601343161836,Environmental,"Create a calm, structured environment with visual supports and clear routines. Use noise-cancelling headphones if needed and provide a designated quiet space for breaks.",0.6412276992073481,Instructional,"Break tasks into smaller, manageable steps with visual cues. Use multi-sensory teaching approaches and provide frequent positive reinforcement.",0.713089017880654
scenario_20251028_165331_1781,MLD,Early Years (3-5),PE,"During PE lesson, a Early Years (3-5) student with Moderate Learning Difficulties faces learning difficulties. How would you adapt your teaching approach?",2025-10-28T16:53:31.343073,Social,Implement peer buddy systems and social stories. Practice social skills explicitly and provide opportunities for structured social interaction.,0.6942500676045266,Instructional,"Break tasks into smaller, manageable steps with visual cues. Use multi-sensory teaching approaches and provide frequent positive reinforcement.",0.6608682287423214,Behavioral,Use positive behavior support strategies with clear expectations. Implement a token economy system and teach self-regulation techniques.,0.9253299877476359,Assessment,Modify assessment methods using alternative formats. Allow extra time and provide assistive technology where appropriate.,0.9208014979869668
scenario_20251028_165331_9474,VI,Key Stage 2 (7-11),Art,A student with Visual Impairment in Key Stage 2 (7-11) is struggling with Art. They faces learning difficulties. What intervention strategies would you recommend?,2025-10-28T16:53:31.343137,Assessment,Modify assessment methods using alternative formats. Allow extra time and provide assistive technology where appropriate.,0.9013693838415924,Instructional,"Break tasks into smaller, manageable steps with visual cues. Use multi-sensory teaching approaches and provide frequent positive reinforcement.",0.6908772854131164,Environmental,"Create a calm, structured environment with visual supports and clear routines. Use noise-cancelling headphones if needed and provide a designated quiet space for breaks.",0.8614747897121673,Behavioral,Use positive behavior support strategies with clear expectations. Implement a token economy system and teach self-regulation techniques.,0.8572933119682492
scenario_20251028_165331_4765,MLD,Key Stage 4 (14-16),Mathematics,A student with Moderate Learning Difficulties in Key Stage 4 (14-16) is struggling with Mathematics. They faces learning difficulties. What intervention strategies would you recommend?,2025-10-28T16:53:31.343177,Assessment,Modify assessment methods using alternative formats. Allow extra time and provide assistive technology where appropriate.,0.6311297459012526,Environmental,"Create a calm, structured environment with visual supports and clear routines. Use noise-cancelling headphones if needed and provide a designated quiet space for breaks.",0.6799071971983423,Instructional,"Break tasks into smaller, manageable steps with visual cues. Use multi-sensory teaching approaches and provide frequent positive reinforcement.",0.7963594346027448,Social,Implement peer buddy systems and social stories. Practice social skills explicitly and provide opportunities for structured social interaction.,0.8354135770602197
scenario_20251028_165331_1250,ASD,Key Stage 3 (11-14),Social Skills,A student with Autism Spectrum Disorder struggles with social interactions during group work when working on Social Skills tasks. How would you modify the activity?,2025-10-28T16:53:31.343207,Environmental,"Create a calm, structured environment with visual supports and clear routines. Use noise-cancelling headphones if needed and provide a designated quiet space for breaks.",0.7311478030319317,Behavioral,Use positive behavior support strategies with clear expectations. Implement a token economy system and teach self-regulation techniques.,0.6179941465562621,Social,Implement peer buddy systems and social stories. Practice social skills explicitly and provide opportunities for structured social interaction.,0.8001124147821131,Instructional,"Break tasks into smaller, manageable steps with visual cues. Use multi-sensory teaching approaches and provide frequent positive reinforcement.",0.8374014853045513
scenario_20251028_165331_2868,HI,Key Stage 3 (11-14),English,A Hearing Impairment student finds it difficult to concentrate on english tasks in English lessons. What accommodations would be most effective?,2025-10-28T16:53:31.343235,Environmental,"Create a calm, structured environment with visual supports and clear routines. Use noise-cancelling headphones if needed and provide a designated quiet space for breaks.",0.6708348583543025,Assessment,Modify assessment methods using alternative formats. Allow extra time and provide assistive technology where appropriate.,0.754744425119724,Instructional,"Break tasks into smaller, manageable steps with visual cues. Use multi-sensory teaching approaches and provide frequent positive reinforcement.",0.6048936547913208,Behavioral,Use positive behavior support strategies with clear expectations. Implement a token economy system and teach self-regulation techniques.,0.6851282173813038
scenario_20251028_165331_1672,HI,Key Stage 3 (11-14),Art,A Hearing Impairment student finds it difficult to concentrate on art tasks in Art lessons. What accommodations would be most effective?,2025-10-28T16:53:31.343263,Instructional,"Break tasks into smaller, manageable steps with visual cues. Use multi-sensory teaching approaches and provide frequent positive reinforcement.",0.7350130610940824,Behavioral,Use positive behavior support strategies with clear expectations. Implement a token economy system and teach self-regulation techniques.,0.7910619351918855,Environmental,"Create a calm, structured environment with visual supports and clear routines. Use noise-cancelling headphones if needed and provide a designated quiet space for breaks.",0.718029907351543,Assessment,Modify assessment methods using alternative formats. Allow extra time and provide assistive technology where appropriate.,0.70625552123394
scenario_20251028_165331_1193,PD,Key Stage 1 (5-7),Art,"In your Key Stage 1 (5-7) class, a student with Physical Disability faces learning difficulties. What support strategies would you implement?",2025-10-28T16:53:31.343289,Assessment,Modify assessment methods using alternative formats. Allow extra time and provide assistive technology where appropriate.,0.6223978923913813,Social,Implement peer buddy systems and social stories. Practice social skills explicitly and provide opportunities for structured social interaction.,0.7375005987334586,Instructional,"Break tasks into smaller, manageable steps with visual cues. Use multi-sensory teaching approaches and provide frequent positive reinforcement.",0.6915177674483397,Environmental,"Create a calm, structured environment with visual supports and clear routines. Use noise-cancelling headphones if needed and provide a designated quiet space for breaks.",0.746374005223933
scenario_20251028_165331_4849,SLCN,Key Stage 3 (11-14),Life Skills,"A Speech, Language, Communication Needs student finds it difficult to concentrate on life skills tasks in Life Skills lessons. What accommodations would be most effective?",2025-10-28T16:53:31.343324,Social,Implement peer buddy systems and social stories. Practice social skills explicitly and provide opportunities for structured social interaction.,0.9497134005711523,Assessment,Modify assessment methods using alternative formats. Allow extra time and provide assistive technology where appropriate.,0.856868942992425,Environmental,"Create a calm, structured environment with visual supports and clear routines. Use noise-cancelling headphones if needed and provide a designated quiet space for breaks.",0.7867283894832272,Instructional,"Break tasks into smaller, manageable steps with visual cues. Use multi-sensory teaching approaches and provide frequent positive reinforcement.",0.8871401431348422
scenario_20251028_165331_7854,SPLD,Key Stage 2 (7-11),English,"In your Key Stage 2 (7-11) class, a student with Specific Learning Difficulties faces learning difficulties. What support strategies would you implement?",2025-10-28T16:53:31.343370,Behavioral,Use positive behavior support strategies with clear expectations. Implement a token economy system and teach self-regulation techniques.,0.7841154475178548,Environmental,"Create a calm, structured environment with visual supports and clear routines. Use noise-cancelling headphones if needed and provide a designated quiet space for breaks.",0.6458001197619255,Instructional,"Break tasks into smaller, manageable steps with visual cues. Use multi-sensory teaching approaches and provide frequent positive reinforcement.",0.7467792692374556,Assessment,Modify assessment methods using alternative formats. Allow extra time and provide assistive technology where appropriate.,0.6480389653435029
